No,Index No,ME3201,ME3202,ME3203,ME3250,ME3351,ME3354,ME3255,IS3203,IS3261,IS3162,IS3171,GPA Credits,Grade Points,Semester GPA,Remarks
1,18/ENG/017,,,L,,,C,,,,,,,,,
2,19/ENG/015,A,,A-,A,A-,A-,A-,A,C,L,,,,,
3,19/ENG/032,L,R,R,L,L,,,L,L,,L,,,,
4,19/ENG/064,R,R,R,,,F,R,R,,,,,,,
5,19/ENG/067,A,A-,R,A-,A-,C,R,L,C,A-,,,,,
6,19/ENG/118,,,R,,,,,,,,,,,,
7,20/ENG/001,,R,A-,C,L,,,,,,,,,,
8,20/ENG/008,A-,L,R,L,L,,R,A-,C,C,,,,,
9,20/ENG/019,C,,,,,,,,,,,,,,
10,20/ENG/028,,R,L,A-,C,A-,A,C,R,C,,,,,
11,20/ENG/070,A-,,R,,L,,,L,L,,L,,,,
12,20/ENG/085,C,R,C,,,,C,L,C,,,,,,
13,20/ENG/108,L,A-,A-,L,A-,L,C,A,,A,,,,,
14,20/ENG/122,,C,A-,,,,,,,,,,,,
15,20/ENG/127,A-,A-,A-,A-,,A-,,,L,,,,,,
16,20/ENG/132,A,A+,R,,L,,L,,,A,L,,,,
17,20/ENG/158,,C,,,,,,,,,,,,,
18,20/ENG/166,C,A,A-,A,A,A-,,A-,,A-,A-,,,,
19,20/ENG/176,R,R,R,,L,,,,,,L,,,,
20,21/ENG/005,A-,A-,A-,A,,B-,C,C,C,,,,,,
21,21/ENG/007,,L,,A,,A-,L,,A,A-,A-,,,,
22,21/ENG/019,,,,,,B,B,A,,,,,,,
23,21/ENG/020,A-,A-,A-,A-,A-,B,A-,,,A,A-,,,,
24,21/ENG/025,,C,R,,,B-,A,,C,C,L,,,,
25,21/ENG/030,,,,,,B+,,,,C,,,,,
26,21/ENG/041,C,A,A-,L,,,L,L,C,C,A-,,,,
27,21/ENG/043,C,,L,L,C,L,,,,,,,,,
28,21/ENG/044,L,,R,,,,,L,,R,,,,,
29,21/ENG/061,,A,,,L,,B,,,C,C,,,,
30,21/ENG/067,,,,B,L,,L,L,L,C,L,,,,
31,21/ENG/073,A-,L,A-,,,L,,,,C,,,,,
32,21/ENG/080,L,,C,,A-,A-,L,,L,L,C,,,,
33,21/ENG/090,,,C,,,F,,C,,,,,,,
34,21/ENG/094,C,,C,A-,C,,,,,,,,,,
35,21/ENG/099,L,,B,L,L,A-,,A-,L,A-,A-,,,,
36,21/ENG/134,,,B-,,,,,,C,R,,,,,
37,21/ENG/141,C,L,A-,,A-,,,,A-,L,,,,,
38,21/ENG/142,B+,B-,B,,,,L,A,A,R,B+,13,26,2,
39,21/ENG/158,,,,,,,,,C,,,,,,
40,21/ENG/160,B+,B-,L,A-,L,,A-,A,C,A-,A-,,,,
41,21/ENG/166,,,B-,,A,A,L,,A,A,L,,,,
42,21/ENG/167,A-,R,A-,A-,,,C,L,A-,C,,,,,Facßty of E
43,21/ENG/171,R,,B,,L,,A-,L,L,,A-,,,,erslty OT 'rl J
44,22/ENG/002,B,C+,R,,,B,R,A,A-,R,B-,13,27.6,2.13,
45,22/ENG/004,B,B-,B-,,,B,R,B,A,B,C,13,31.8,2.45,
46,22/ENG/005,B-,B,R,,,B,B,A,A-,B+,B,13,34.4,2.65,
47,22/ENG/009,B+,B,B,,,B,L,B+,A,R,B,13,34.2,2.63,
48,22/ENG/016,A-,B,B-,,,A,B,A+,A+,A,A-,13,46,3.54,
49,22/ENG/019,B+,B,A-,,L,A,B,A,A+,B+,B-,13,46,3.54,
50,22/ENG/021,B-,B-,B-,,,B,R,A,A-,B,B+,13,33.2,2.56,
51,22/ENG/022,A,B+,B+,L,A-,A-,B,A,A,R,B,13,46.3,3.57,
52,22/ENG/027,B+,B-,B,A,,B+,B,A,B+,C,A,13,41.9,3.23,
53,22/ENG/028,A,B-,B-,,,B,B,A,A-,R,A,13,41.8,3.22,
54,22/ENG/030,B+,B-,B-,C,A,B+,B,A,A+,B+,B-,13,41.3,3.18,
55,22/ENG/032,A-,A,B-,A-,,B+,B,A-,A,B,C,15,51.5,3.44,
56,22/ENG/036,A,A-,A,C,A-,,,A+,B+,B+,C,13,48.5,3.73,
57,22/ENG/037,A-,B-,B+,A-,B+,,,A,A,B+,C,13,45.3,3.49,
58,22/ENG/041,A,A,A-,,,B,L,A,A+,B,C,13,40.4,3.11,
59,22/ENG/046,B,B,B-,,,A-,A,A+,A,B+,A,13,42.5,3.27,
60,22/ENG/048,A+,A-,A,A,A,,,A+,A+,A,B-,13,51.4,3.96,Dean's List
61,22/ENG/052,B+,B,B,B+,B,,,A,A,B,C,13,42.2,3.25,
62,22/ENG/053,L,B-,R,,,A-,L,A+,A+,A,A,13,24.5,1.89,
63,22/ENG/071,B+,B,B,B,B,,,A,A,A-,A,13,41.6,3.2,
64,22/ENG/076,A-,A-,A,A-,B,L,A-,A,A,B,B,13,47.2,3.63,
65,22/ENG/077,C+,R,R,B+,A-,,,A-,A,A-,C,13,29.7,2.29,
66,22/ENG/084,B-,R,B,,,B,B+,A+,B,B+,B-,13,35,2.70,
67,22/ENG/086,A,A+,A,A-,C,A,A-,A+,A+,B-,B+,13,51.4,3.96,Dean's List
68,22/ENG/087,A-,B,B-,,,B,R,A+,A-,A-,B-,13,35.8,2.76,
69,22/ENG/090,B,B,B,A-,A,B+,B-,A+,A,B,B-,13,41.3,3.18,
70,22/ENG/113,A,B,B+,L,,A-,B,A,A,A-,B-,13,45.7,3.52,
71,22/ENG/116,B,B,R,,,B,R,A,B+,B+,B+,13,29,2.23,
72,22/ENG/122,C,L,B-,A,A-,B+,B-,B+,A,A,A,15,42.7,2.85,
73,22/ENG/124,B,B+,B,,A,B+,B,A+,A+,A,A-,13,42.5,3.27,
74,22/ENG/125,A,A-,A,A-,B+,A,,B+,A+,A,B,16,61.3,3.84,Dean's List
75,22/ENG/129,B+,B-,B+,,,B,R,A,A,B,B-,13,35.6,2.74,
76,22/ENG/134,B+,B,B,,,A-,B,B+,A,B,B,13,43.7,3.37,
77,22/ENG/136,C+,B,B-,,,B+,B,A,A,A-,A,13,39.9,3.07,
78,22/ENG/137,A,B-,A-,,A+,A,B,A+,A+,A,B,13,46.8,3.60,
79,22/ENG/147,C,B,B,,,B+,B,A,A,B+,A,13,41.9,3.23,
80,22/ENG/151,A+,A,A-,,,A+,A,A,A,A,B+,13,51.4,3.96,Dean's List
81,22/ENG/153,A,A-,A-,A+,A-,A,,A+,A+,A+,B,16,61.9,3.87,Dean's List
82,22/ENG/155,B+,L,B,,,B+,B-,A-,A-,B-,A-,13,35.3,2.72,
83,22/ENG/168,B,B,A-,A-,L,A,A-,R,A,A-,B+,13,38.8,2.99,
