No,Index No,EE3203,EE3204,EE3205,EE3354,EE3255,EE3363,EE3264,IS3264,IS3263,IS3151,IS3175,GPA Credits,Grade Points,Semester GPA,Dean's List
1,20/ENG/062,L,B+,R,,,B,R,L,A-,,B,,,,
2,20/ENG/143,,,,,,,,C,,,,,,,
3,20/ENG/177,R,,,,,,,C,,,,,,,
4,21/ENG/012,,C,B,,,,,,B,,,,,,
5,21/ENG/014,,,,,,,,C,,,,,,,
6,21/ENG/017,,,B,,,,,,B+,,,,,,
7,21/ENG/037,,,B-,,,,,,,,,,,,
8,21/ENG/063,,,A-,,,,,,,,,,,,
9,21/ENG/082,,,B+,,,,,C,,,,,,,
10,21/ENG/086,,C,B+,,,,,,,,,,,,
11,21/ENG/092,,C,B+,,,,,C,,,,,,,
12,21/ENG/093,,,A-,,,,,,,,,,,,
13,21/ENG/096,,,,C,,,C,C,C,,,,,,
14,21/ENG/103,,,A-,,,,,,,,,,,,
15,21/ENG/109,,,B+,,,,,,,,,,,,
16,21/ENG/111,,,A-,,A,,,,,,,,,,
17,21/ENG/112,,,B,,,,,,,,,,,,
18,21/ENG/133,,,A-,,,,,A,,,,,,,
19,21/ENG/156,,,,,,,,C,,,,,,,
20,22/ENG/001,R,A-,A,A,,B+,A,L,L,A,B+,19,49.3,2.6,
21,22/ENG/010,B,A-,A-,A+,,A-,A,A-,A-,A,A+,19,70.7,3.73,
22,22/ENG/013,B+,B+,B,A,,A-,A+,A,B,A,A,19,68.3,3.6,
23,22/ENG/014,B,A-,A-,A-,,B+,A,A,A-,B,A,19,68.2,3.59,
24,22/ENG/026,B,B+,B+,B,,B+,A-,B,C,B+,B,19,58.8,3.1,
25,22/ENG/031,B,B+,A-,A,,B+,A,A,L,B,A-,19,60.9,3.21,
26,22/ENG/035,L,B-,B-,B+,A-,A-,A-,A,C,A,B+,21,62.6,2.98,
27,22/ENG/038,B,B+,B+,A,,A-,A+,B,C+,B,B,19,63.9,3.37,
28,22/ENG/040,B,B+,B+,A,,B+,A,B,C+,A,B,19,63.7,3.36,
29,22/ENG/042,B+,A-,B,A,A,A-,,A,A-,A,B,19,70.5,3.71,
30,22/ENG/043,B,C,B,B,,A-,L,B,B-,A,B+,19,51.5,2.71,
31,22/ENG/047,A-,A-,A-,A,,A,A+,A,B,A,A,19,72.2,3.8,Dean's List
32,22/ENG/055,B,B+,A-,B+,,A-,B+,B,C+,B+,B+,19,61.5,3.24,
33,22/ENG/058,B,A-,B+,A,,A-,A,B+,B+,B,A,19,67.3,3.55,
34,22/ENG/064,L,A-,B+,A,A,B+,,B+,B,B,B+,19,59.5,3.14,
35,22/ENG/066,R,B+,B,B+,,A-,A-,B,L,A,A-,19,51,2.69,
36,22/ENG/074,B+,A-,A-,A,,A,A+,A,B,B+,B+,19,70.7,3.73,
37,22/ENG/075,A,A-,A-,A+,,A,A+,A+,B,A-,A,19,72.5,3.82,Dean's List
38,22/ENG/080,B,B+,B+,A,,A,A+,B+,B,B+,A,19,66.5,3.5,
39,22/ENG/083,A-,A,B,A+,,A,A,A,B-,B,A,19,69.8,3.68,
40,22/ENG/089,B,A-,B,B+,,B+,A-,A-,B-,A-,B,19,63.1,3.33,
41,22/ENG/095,B,A,B,A,,B+,A,A,B+,A-,B,19,68.2,3.59,
42,22/ENG/104,L,B,B,A,,B,A,B-,B,A-,B,19,55.5,2.93,
43,22/ENG/105,B,A,B+,A,,B+,A,A-,B-,B+,B,19,66.6,3.51,
44,22/ENG/106,B+,A,B+,A+,A,A-,,A-,A+,A,A,19,71.7,3.78,
45,22/ENG/108,B,B+,B+,A-,,A-,A-,A-,B,A-,B+,19,66.8,3.52,
46,22/ENG/110,B+,A,A,A+,A,B+,,A-,A,A,A-,19,72.5,3.82,Dean's List
47,22/ENG/112,B,A-,B,A,A-,B+,,B,B-,B,A,19,63.1,3.33,
48,22/ENG/117,B+,A,B+,A-,,B+,A,A,L,A-,A,19,62.8,3.31,
49,22/ENG/119,B,B+,A,A,,B+,A+,B,C,B+,A-,19,63.8,3.36,
50,22/ENG/120,A-,A,B,A,B+,A-,,A,C+,A-,A-,19,67.4,3.55,
51,22/ENG/123,R,B+,B,A,,B+,A,B,B-,B,B,19,56.9,,
52,22/ENG/126,A,A-,B,A-,,B,A-,B+,C+,B,B,19,62.5,3.29,
53,22/ENG/130,B,B,B,A,,A-,A,A,B,B+,A,19,66.4,3.5,
54,22/ENG/135,B+,A-,B,A+,,B+,A-,B,B+,A,B,19,65.9,3.47,
55,22/ENG/145,B,B+,B,B,,B,L,B,C+,B,B,19,50.2,2.65,
56,22/ENG/154,A-,A,A-,A,,B+,A,A-,A,B,A,19,70.5,3.71,
57,22/ENG/156,B+,A,A,A+,,A,A+,A-,A-,B+,A,19,72.7,3.83,Dean's List
58,22/ENG/157,A,A,A,A+,,A-,A,A,A,A-,A,19,74.8,3.94,Dean's List
59,22/ENG/159,B,B+,B,A,A,A-,,A-,B,A,A-,19,67.1,3.54,
60,22/ENG/167,B+,A-,B+,A-,,B+,A,B-,B,B+,B+,19,63.7,3.36,
61,22/ENG/172,B,B+,B,A,,B+,A,C+,R,B+,B,19,56.4,2.97,
