No,Index No,ME3205,ME3806,ME3207,ME3256,ME3357,ME3260,ME3361,ME3106,IS3264,IS3263,IS3151,GPA Credits,Grade Points,Semester GPA,Dean's List
1,19/ENG/014,,,,,,C,C,,,,,,,,
2,19/ENG/015,,,,,,,,,C,,,,,,
3,19/ENG/064,,,,,,,,,,,,,,,
4,19/ENG/067,,,,,,,,,C,C,,,,,
5,19/ENG/090,,,,,,,,,C,C,,,,,
6,20/ENG/008,,,,,,C,,,C,,,,,,
7,20/ENG/028,,,,C,,,,,,C,,,,,
8,20/ENG/085,,,,,,,,,C,C,,,,,
9,20/ENG/127,,,,,,,,,,,,,,,
10,20/ENG/151,,,C,,,,,,,,,,,,
11,20/ENG/176,,,,,,,,,,,,,,,
12,20/ENG/186,,,C,,,,,,,,,,,,
13,20/ENG/200,,,,,,,,,,,,,,,
14,20/ENG/201,,,C,,,,,,C,,,,,,
15,21/ENG/019,,C,,,,,C,,C,,,,,,
16,21/ENG/020,,,,,,,,,C,,,,,,
17,21/ENG/025,,C,C,,,C,C,,,,,,,,
18,21/ENG/026,,,,,,,C,,,,,,,,
19,21/ENG/030,,,,,,,,,C,,,,,,
20,21/ENG/038,,C,,,,C,C,,C,,,,,,
21,21/ENG/039,,C,,,,C,,,,,,,,,
22,21/ENG/042,,,,,,,C,,,,,,,,
23,21/ENG/044,,C,,,,,,,,,,,,,
24,21/ENG/054,C,,,,,,C,,,,,,,,
25,21/ENG/060,,C,,,,,C,,,,,,,,
26,21/ENG/067,C,C,,,C,,,,C,,,,,,
27,21/ENG/073,,,,,,,C,,,,,,,,
28,21/ENG/090,,C,C,,C,,,,,,,,,,
29,21/ENG/094,,C,C,,C,,C,,,,,,,,
30,21/ENG/099,,,,,,,C,,,,,,,,
31,21/ENG/114,,,C,,,,,,,,,,,,
32,21/ENG/126,,,C,,,,,,C,,,,,,
33,21/ENG/134,,,C,,,,,,,,,,,,
34,21/ENG/135,,C,,,,C,,,C,,,,,,
35,21/ENG/141,,,,,,,C,,C,,,,,,
36,21/ENG/142,,,,,,,,,,,,,,,
37,21/ENG/150,,C,,,,,,,C,,,,,,
38,21/ENG/158,,,,,,,,,C,,,,,,
39,21/ENG/160,,,C,,,,C,,,,,,,,
40,21/ENG/162,,,,,,,C,,,,,,,,
41,21/ENG/164,,C,,,C,,,,,,,,,,
42,21/ENG/166,,C,,,,,,,,,,,,,
43,21/ENG/167,,,,,,,C,,,,,,,,
44,21/ENG/171,,,,,C,,,,,,,,,,
45,22/ENG/002,,,,,,,,,,,,22,58.6,2.67,
46,22/ENG/004,,,,,,,,,,,,22,57.6,2.62,
47,22/ENG/005,,,,,,,,,,,,22,62.6,2.85,
48,22/ENG/009,,,,,,,,,,,,22,55.7,2.54,
49,22/ENG/016,,,,,,,,,,,,22,74.7,3.4,
50,22/ENG/019,,,,,,,,,,,,22,59,2.69,
51,22/ENG/021,,,,,,,,,,,,22,66.7,3.04,
52,22/ENG/022,B+,,,,,,,,,,,22,57.4,2.61,
53,22/ENG/027,,,,,,,,,,,,22,67.4,3.07,
54,22/ENG/028,,,,,,,,,,,,22,43,1.96,
55,22/ENG/030,,,,,,,,,,,,22,62,2.82,
56,22/ENG/032,,,,,,,,,,,,24,76.1,3.17,
57,22/ENG/036,,,,,,,,,,,,22,65.5,2.98,
58,22/ENG/037,,,,,,,,,,,,22,71.3,3.24,
59,22/ENG/041,,,,,,,,,,,,22,71.3,3.24,
60,22/ENG/046,,,,,,,,,,,,22,69.7,3.17,
61,22/ENG/048,,,,,,,,,,,,22,76.4,3.48,
62,22/ENG/052,,,,,,,,,,,,22,60.1,2.74,
63,22/ENG/053,,,,,,,,,,,,22,65.8,2.99,
64,22/ENG/071,,,,,,,,,,,,22,60.6,2.76,
65,22/ENG/076,,,,,,,,,,,,22,68.7,3.13,
66,22/ENG/077,,,,,,,,,,,,22,75.5,3.44,
67,22/ENG/084,,,,,,,,,,,,22,72.1,3.28,
68,22/ENG/086,,,,,,,,,,,,22,70.6,3.21,
69,22/ENG/087,,,,,,,,,,,,22,73.9,3.36,
70,22/ENG/090,,,,,,,,,,,,22,48.7,2.22,
71,22/ENG/113,,,,,,,,,,,,22,56.2,2.56,
72,22/ENG/116,,,,,,,,,,,,22,66.6,3.03,
73,22/ENG/122,,,,,,,,,,,,24,83.5,3.48,
74,22/ENG/124,,,,,,,,,,,,22,75.2,3.42,
75,22/ENG/125,,,,,,,,,,,,24,88.9,3.71,
76,22/ENG/129,,,,,,,,,,,,22,47.4,2.16,
77,22/ENG/134,,,,,,,,,,,,22,60.4,2.75,
78,22/ENG/136,,,,,,,,,,,,22,77.5,3.53,
79,22/ENG/137,,,,,,,,,,,,22,74.1,3.37,
80,22/ENG/147,,,,,,,,,,,,22,71.3,3.24,
81,22/ENG/151,,,,,,,,,,,,22,85.4,3.89,Dean's List
82,22/ENG/153,,,,,,,,,,,,24,92.1,3.84,Dean's List
83,22/ENG/155,,,,,,,,,,,,22,63.3,2.88,
84,22/ENG/168,,,,,,,,,,,,22,79.4,3.61,
