No,Index No,EE3201,EE3202,EE3151,EE3252,EE3253,EE3361,EE3262,CO3201,IS3261,IS3162,IS3171,IS3201,GPA Credits,Grade Points,Semester GPA,Dean's List
1,20/ENG/056,,,,,,,,,,,,,,,,
2,20/ENG/062,,,,,,,,,,,,,,,,
3,21/ENG/012,,,,,,,,,,,,,,,,
4,21/ENG/017,,,,,,,,,,,,,,,,
5,21/ENG/034,,,,,,,,,,,,,,,,
6,21/ENG/037,,,,,,,,,,,,,,,,
7,21/ENG/058,,,,,,,,,,,,,,,,
8,21/ENG/063,,,,,,,,,,,,,,,,
9,21/ENG/070,,,,,,,,,,,,,,,,
10,21/ENG/082,,,,,,,,,,,,,,,,
11,21/ENG/086,,,,,,,,,,,,,,,,
12,21/ENG/092,,,,,,,,,,,,,,,,
13,21/ENG/095,,,,,,,,,,,,,,,,
14,21/ENG/096,,,,,,,,,,,,,,,,
15,21/ENG/111,,,,,,,,,,,,,,,,
16,21/ENG/133,,,,,,,,,,,,,,,,
17,22/ENG/001,,,,,,,,,,,,,13,46.5,3.58,
18,22/ENG/010,,,,,,,,,,,,,13,49.3,3.8,Dean's List
19,22/ENG/013,,,,,,,,,,,,,13,49.1,3.78,
20,22/ENG/014,,,,,,,,,,,,,13,50,3.85,Dean's List
21,22/ENG/026,,,,,,,,,,,,,13,46.5,3.58,
22,22/ENG/031,,,,,,,,,,,,,13,49.3,3.8,Dean's List
23,22/ENG/035,,,,,,,,,,,,,16,50.7,3.17,
24,22/ENG/038,,,,,,,,,,,,,13,46.4,3.57,
25,22/ENG/040,,,,,,,,,,,,,13,44.5,3.43,
26,22/ENG/042,,,,,,,,,,,,,13,47.9,3.69,
27,22/ENG/043,,,,,,,,,,,,,13,44.3,3.41,
28,22/ENG/047,,,,,,,,,,,,,13,49.3,,Dean's List
29,22/ENG/055,,,,,,,,,,,,,,41.5,,
30,22/ENG/058,,,,,,,,,,,,,13,46.5,3.58,
31,22/ENG/064,,,,,,,,,,,,,13,47.7,3.67,
32,22/ENG/066,,,,,,,,,,,,,13,46.1,3.55,
33,22/ENG/074,,,,,,,,,,,,,13,50,3.85,Dean's List
34,22/ENG/075,,,,,,,,,,,,,13,52,,Dean's List
35,22/ENG/080,,,,,,,,,,,,,13,47.1,3.63,
36,22/ENG/083,,,,,,,,,,,,,13,51.4,3.96,Dean's List
37,22/ENG/089,,,,,,,,,,,,,13,50,3.85,Dean's List
38,22/ENG/095,,,,,,,,,,,,,13,48.6,3.74,
39,22/ENG/104,,,,,,,,,,,,,13,20.8,,
40,22/ENG/105,,,,,,,,,,,,,13,47.3,3.64,
41,22/ENG/106,,B+,,,,,,,,,,,13,47.1,3.63,
42,22/ENG/108,,,,,,,,,,,,,13,49.1,3.78,
43,22/ENG/110,,,,,,,,,,,,,,50,3.85,Dean's List
44,22/ENG/112,,,,,,,,,,,,,13,46.1,3.55,
45,22/ENG/117,,,,,,,,,,,,,13,48,,
46,22/ENG/119,B+,,,,,,,,,,,,13,37,2.85,
47,22/ENG/120,,,,,,,,,,,,,16,58,3.63,
48,22/ENG/123,,,,,,,,,,,,,13,44.7,3.44,
49,22/ENG/126,,,,,,,,,,,,,13,44.2,,
50,22/ENG/130,,,,,,,,,,,,,13,43.6,3.36,
51,22/ENG/135,,,,,,,,,,,,,13,46.5,3.58,
52,22/ENG/145,,,,,,,,,,,,,13,38.7,2.98,
53,22/ENG/154,,,,,,,,,,,,,13,48,3.74,
54,22/ENG/156,,,,,,,,,,,,,,49.4,,Dean's List
55,22/ENG/157,,,,,,,,,,,,,13,51.4,3.96,Dean's List
56,22/ENG/159,,,,,,,,,,,,,13,51.4,3.96,Dean's List
57,22/ENG/167,,,,,,,,,,,,,13,48,,
58,22/ENG/172,,,,,,,,,,,,,13,45.7,3.52,
